experiment,well,strain,DS
RA00002_130619,CAM034A1,tph-1,0
RA00002_130619,CAM035A1,tph-1,0
RA00002_130619,CAM035A2,tph-1,0
RA00002_130619,CAM035A3,tph-1,0
RA00002_130619,CAM035A4,tph-1,0
RA00002_130619,CAM035A6,tph-1,0
RA00002_130619,CAM037A2,tph-1,0
RA00002_130619,CAM037A4,tph-1,0
RA00002_130619,CAM037A5,tph-1,0
RA00002_130619,CAM302A1,tph-1,0
RA00002_130619,CAM302A2,tph-1,0
RA00002_130619,CAM302A3,tph-1,0
RA00002_130619,CAM302A4,tph-1,0
RA00002_130619,CAM302A6,tph-1,0
RA00002_130619,CAM307A1,tph-1,0
RA00002_130619,CAM307A2,tph-1,0
RA00002_130619,CAM307A4,tph-1,0
RA00002_130619,CAM307A5,tph-1,0
RA00002_130619,CAM307A6,tph-1,0
RA00002_130619,CAM516A1,tph-1,0
RA00002_130619,CAM516A2,tph-1,0
RA00002_130619,CAM516A3,tph-1,0
RA00002_130619,CAM516A4,tph-1,0
RA00002_130619,CAM516A5,tph-1,0
RA00002_130619,CAM516A6,tph-1,0
RA00010_160619,CAM034A3,tph-1,0
RA00010_160619,CAM035A1,tph-1,0
RA00010_160619,CAM035A2,tph-1,0
RA00010_160619,CAM035A3,tph-1,0
RA00010_160619,CAM035A4,tph-1,0
RA00010_160619,CAM035A5,tph-1,0
RA00010_160619,CAM035A6,tph-1,0
RA00010_160619,CAM037A1,tph-1,0
RA00010_160619,CAM037A2,tph-1,0
RA00010_160619,CAM037A4,tph-1,0
RA00010_160619,CAM037A5,tph-1,0
RA00010_160619,CAM037A6,tph-1,0
RA00010_160619,CAM302A1,tph-1,0
RA00010_160619,CAM302A2,tph-1,0
RA00010_160619,CAM302A3,tph-1,0
RA00010_160619,CAM302A4,tph-1,0
RA00010_160619,CAM302A5,tph-1,0
RA00010_160619,CAM302A6,tph-1,0
RA00010_160619,CAM307A4,tph-1,0
RA00010_160619,CAM307A5,tph-1,0
RA00010_160619,CAM516A1,tph-1,0
RA00010_160619,CAM516A2,tph-1,0
RA00010_160619,CAM516A3,tph-1,0
RA00010_160619,CAM516A4,tph-1,0
RA00010_160619,CAM516A5,tph-1,0
RA00010_160619,CAM516A6,tph-1,0
RA00017_250819,CAM034A3,N2,3
RA00017_250819,CAM034A5,N2,3
RA00017_250819,CAM035A2,N2,3
RA00017_250819,CAM035A3,N2,3
RA00017_250819,CAM035A4,N2,3
RA00017_250819,CAM035A6,N2,3
RA00017_250819,CAM037A1,N2,3
RA00017_250819,CAM037A2,N2,3
RA00017_250819,CAM037A3,N2,3
RA00017_250819,CAM037A4,N2,3
RA00017_250819,CAM037A5,N2,3
RA00017_250819,CAM037A6,N2,3
RA00017_250819,CAM302A1,N2,3
RA00017_250819,CAM302A2,N2,3
RA00017_250819,CAM302A4,N2,3
RA00017_250819,CAM302A5,N2,3
RA00017_250819,CAM307A1,N2,3
RA00017_250819,CAM307A2,N2,3
RA00017_250819,CAM307A3,N2,3
RA00017_250819,CAM307A5,N2,3
RA00017_250819,CAM307A6,N2,3
RA00017_250819,CAM516A1,N2,3
RA00017_250819,CAM516A2,N2,3
RA00017_250819,CAM516A3,N2,3
RA00017_250819,CAM516A5,N2,3
RA00019_080919,CAM034A1,tph-1,3
RA00019_080919,CAM034A2,tph-1,3
RA00019_080919,CAM034A3,tph-1,3
RA00019_080919,CAM034A4,tph-1,3
RA00019_080919,CAM034A5,tph-1,3
RA00019_080919,CAM034A6,tph-1,3
RA00019_080919,CAM035A1,tph-1,3
RA00019_080919,CAM035A2,tph-1,3
RA00019_080919,CAM035A3,tph-1,3
RA00019_080919,CAM035A4,tph-1,3
RA00019_080919,CAM035A5,tph-1,3
RA00019_080919,CAM035A6,tph-1,3
RA00019_080919,CAM037A1,tph-1,3
RA00019_080919,CAM037A4,tph-1,3
RA00019_080919,CAM037A5,tph-1,3
RA00019_080919,CAM302A3,tph-1,3
RA00019_080919,CAM302A6,tph-1,3
RA00019_080919,CAM307A1,tph-1,3
RA00019_080919,CAM307A5,tph-1,3
RA00019_080919,CAM516A2,tph-1,3
RA00019_080919,CAM516A3,tph-1,3
RA00019_080919,CAM516A4,tph-1,3
RA00019_080919,CAM516A5,tph-1,3
RA00022_190919,CAM034A1,N2,1
RA00022_190919,CAM034A2,N2,1
RA00022_190919,CAM034A3,N2,1
RA00022_190919,CAM034A4,N2,1
RA00022_190919,CAM034A5,N2,1
RA00022_190919,CAM034A6,N2,1
RA00022_190919,CAM035A1,N2,1
RA00022_190919,CAM035A3,N2,1
RA00022_190919,CAM035A5,N2,1
RA00022_190919,CAM035A6,N2,1
RA00022_190919,CAM037A1,N2,1
RA00022_190919,CAM037A3,N2,1
RA00022_190919,CAM037A4,N2,1
RA00022_190919,CAM037A5,N2,1
RA00022_190919,CAM037A6,N2,1
RA00023_230919,CAM034A1,N2,1
RA00023_230919,CAM034A2,N2,1
RA00023_230919,CAM034A3,N2,1
RA00023_230919,CAM034A4,N2,1
RA00023_230919,CAM034A5,N2,1
RA00023_230919,CAM034A6,N2,1
RA00023_230919,CAM035A2,N2,1
RA00023_230919,CAM035A3,N2,1
RA00023_230919,CAM035A4,N2,1
RA00023_230919,CAM035A5,N2,1
RA00023_230919,CAM035A6,N2,1
RA00023_230919,CAM037A1,N2,1
RA00023_230919,CAM037A3,N2,1
RA00023_230919,CAM037A4,N2,1
RA00023_230919,CAM037A5,N2,1
RA00023_230919,CAM037A6,N2,1
RA00023_230919,CAM302A1,N2,1
RA00023_230919,CAM302A2,N2,1
RA00023_230919,CAM302A4,N2,1
RA00023_230919,CAM302A5,N2,1
RA00023_230919,CAM307A1,N2,1
RA00023_230919,CAM307A2,N2,1
RA00023_230919,CAM307A3,N2,1
RA00023_230919,CAM307A4,N2,1
RA00023_230919,CAM307A5,N2,1
RA00023_230919,CAM307A6,N2,1
RA00023_230919,CAM516A1,N2,1
RA00023_230919,CAM516A2,N2,1
RA00023_230919,CAM516A3,N2,1
RA00023_230919,CAM516A4,N2,1
RA00023_230919,CAM516A5,N2,1
RA00023_230919,CAM516A6,N2,1
RA00025_071119,CAM034A1,tph-1,4
RA00025_071119,CAM034A2,tph-1,4
RA00025_071119,CAM034A3,tph-1,4
RA00025_071119,CAM034A4,tph-1,4
RA00025_071119,CAM034A5,tph-1,4
RA00025_071119,CAM034A6,tph-1,4
RA00025_071119,CAM035A1,tph-1,4
RA00025_071119,CAM035A2,tph-1,4
RA00025_071119,CAM035A3,tph-1,4
RA00025_071119,CAM035A4,tph-1,4
RA00025_071119,CAM035A6,tph-1,4
RA00025_071119,CAM037A1,tph-1,4
RA00025_071119,CAM037A2,tph-1,4
RA00025_071119,CAM037A3,tph-1,4
RA00025_071119,CAM037A4,tph-1,4
RA00025_071119,CAM037A5,tph-1,4
RA00025_071119,CAM302A1,tph-1,4
RA00025_071119,CAM302A2,tph-1,4
RA00025_071119,CAM302A4,tph-1,4
RA00025_071119,CAM302A5,tph-1,4
RA00025_071119,CAM302A6,tph-1,4
RA00025_071119,CAM307A1,tph-1,4
RA00025_071119,CAM307A2,tph-1,4
RA00025_071119,CAM307A3,tph-1,4
RA00025_071119,CAM307A4,tph-1,4
RA00025_071119,CAM307A5,tph-1,4
RA00025_071119,CAM307A6,tph-1,4
RA00025_071119,CAM516A1,tph-1,4
RA00025_071119,CAM516A4,tph-1,4
RA00025_071119,CAM516A5,tph-1,4
RA00025_071119,CAM516A6,tph-1,4
RA00027_141119,CAM034A1,tph-1,4
RA00027_141119,CAM034A6,tph-1,4
RA00027_141119,CAM035A1,tph-1,4
RA00027_141119,CAM035A2,tph-1,4
RA00027_141119,CAM035A4,tph-1,4
RA00027_141119,CAM035A5,tph-1,4
RA00027_141119,CAM035A6,tph-1,4
RA00027_141119,CAM037A2,tph-1,4
RA00027_141119,CAM037A3,tph-1,4
RA00027_141119,CAM037A4,tph-1,4
RA00027_141119,CAM302A2,tph-1,4
RA00027_141119,CAM302A3,tph-1,4
RA00027_141119,CAM302A4,tph-1,4
RA00027_141119,CAM302A5,tph-1,4
RA00027_141119,CAM302A6,tph-1,4
RA00027_141119,CAM516A2,tph-1,4
RA00027_141119,CAM516A3,tph-1,4
RA00027_141119,CAM516A4,tph-1,4
RA00027_141119,CAM516A5,tph-1,4
RA00027_141119,CAM516A6,tph-1,4
RA00031_111219,CAM034A1,N2,3
RA00031_111219,CAM034A2,N2,3
RA00031_111219,CAM034A3,N2,3
RA00031_111219,CAM034A5,N2,3
RA00031_111219,CAM034A6,N2,3
RA00031_111219,CAM037A2,N2,3
RA00031_111219,CAM037A3,N2,3
RA00031_111219,CAM037A5,N2,3
RA00031_111219,CAM037A6,N2,3
RA00031_111219,CAM302A2,N2,3
RA00031_111219,CAM302A6,N2,3
RA00031_111219,CAM307A1,N2,3
RA00031_111219,CAM307A2,N2,3
RA00031_111219,CAM307A3,N2,3
RA00031_111219,CAM307A4,N2,3
RA00031_111219,CAM516A1,N2,3
RA00031_111219,CAM516A2,N2,3
RA00031_111219,CAM516A3,N2,3
RA00031_111219,CAM516A4,N2,3
RA00031_111219,CAM516A5,N2,3
RA00031_111219,CAM516A6,N2,3
RA00032_191219,CAM034A1,tph-1,1
RA00032_191219,CAM034A2,tph-1,1
RA00032_191219,CAM034A4,tph-1,1
RA00032_191219,CAM034A5,tph-1,1
RA00032_191219,CAM034A6,tph-1,1
RA00032_191219,CAM035A2,tph-1,1
RA00032_191219,CAM035A3,tph-1,1
RA00032_191219,CAM035A4,tph-1,1
RA00032_191219,CAM035A5,tph-1,1
RA00032_191219,CAM035A6,tph-1,1
RA00032_191219,CAM037A1,tph-1,1
RA00032_191219,CAM037A2,tph-1,1
RA00032_191219,CAM037A4,tph-1,1
RA00032_191219,CAM037A5,tph-1,1
RA00032_191219,CAM037A6,tph-1,1
RA00032_191219,CAM302A1,tph-1,1
RA00032_191219,CAM302A2,tph-1,1
RA00032_191219,CAM302A3,tph-1,1
RA00032_191219,CAM302A4,tph-1,1
RA00032_191219,CAM302A5,tph-1,1
RA00032_191219,CAM302A6,tph-1,1
RA00032_191219,CAM307A2,tph-1,1
RA00032_191219,CAM307A3,tph-1,1
RA00032_191219,CAM307A6,tph-1,1
RA00032_191219,CAM516A1,tph-1,1
RA00032_191219,CAM516A2,tph-1,1
RA00032_191219,CAM516A3,tph-1,1
RA00032_191219,CAM516A4,tph-1,1
RA00032_191219,CAM516A5,tph-1,1
RA00032_191219,CAM516A6,tph-1,1
RA00033_221219,CAM034A1,N2,4
RA00033_221219,CAM034A2,N2,4
RA00033_221219,CAM034A3,N2,4
RA00033_221219,CAM034A5,N2,4
RA00033_221219,CAM034A6,N2,4
RA00033_221219,CAM035A1,N2,4
RA00033_221219,CAM035A2,N2,4
RA00033_221219,CAM035A3,N2,4
RA00033_221219,CAM035A4,N2,4
RA00033_221219,CAM035A5,N2,4
RA00033_221219,CAM035A6,N2,4
RA00033_221219,CAM037A1,N2,4
RA00033_221219,CAM037A2,N2,4
RA00033_221219,CAM037A3,N2,4
RA00033_221219,CAM037A4,N2,4
RA00033_221219,CAM037A5,N2,4
RA00033_221219,CAM037A6,N2,4
RA00033_221219,CAM302A2,N2,4
RA00033_221219,CAM302A3,N2,4
RA00033_221219,CAM302A4,N2,4
RA00033_221219,CAM302A5,N2,4
RA00033_221219,CAM302A6,N2,4
RA00033_221219,CAM307A1,N2,4
RA00033_221219,CAM307A2,N2,4
RA00033_221219,CAM307A3,N2,4
RA00033_221219,CAM307A5,N2,4
RA00033_221219,CAM516A1,N2,4
RA00033_221219,CAM516A2,N2,4
RA00033_221219,CAM516A3,N2,4
RA00033_221219,CAM516A4,N2,4
RA00037_090220,CAM034A1,N2,0
RA00037_090220,CAM034A4,N2,0
RA00037_090220,CAM034A5,N2,0
RA00037_090220,CAM035A1,N2,0
RA00037_090220,CAM035A3,N2,0
RA00037_090220,CAM035A4,N2,0
RA00037_090220,CAM035A5,N2,0
RA00037_090220,CAM035A6,N2,0
RA00037_090220,CAM037A2,N2,0
RA00037_090220,CAM037A3,N2,0
RA00037_090220,CAM302A2,N2,0
RA00037_090220,CAM302A3,N2,0
RA00037_090220,CAM302A5,N2,0
RA00037_090220,CAM302A6,N2,0
RA00037_090220,CAM307A3,N2,0
RA00037_090220,CAM307A5,N2,0
RA00037_090220,CAM307A6,N2,0
RA00037_090220,CAM516A1,N2,0
RA00037_090220,CAM516A2,N2,0
RA00037_090220,CAM516A3,N2,0
RA00037_090220,CAM516A4,N2,0
RA00039_200220,CAM034A1,tph-1,1
RA00039_200220,CAM034A3,tph-1,1
RA00039_200220,CAM034A4,tph-1,1
RA00039_200220,CAM034A5,tph-1,1
RA00039_200220,CAM034A6,tph-1,1
RA00039_200220,CAM035A1,tph-1,1
RA00039_200220,CAM035A6,tph-1,1
RA00039_200220,CAM037A1,tph-1,1
RA00039_200220,CAM037A4,tph-1,1
RA00039_200220,CAM037A6,tph-1,1
RA00039_200220,CAM302A1,tph-1,1
RA00039_200220,CAM302A3,tph-1,1
RA00039_200220,CAM302A4,tph-1,1
RA00039_200220,CAM307A3,tph-1,1
RA00039_200220,CAM307A4,tph-1,1
RA00039_200220,CAM307A6,tph-1,1
RA00039_200220,CAM516A1,tph-1,1
RA00039_200220,CAM516A3,tph-1,1
RA00039_200220,CAM516A4,tph-1,1
RA00039_200220,CAM516A6,tph-1,1
RA00041_080320,CAM034A1,N2,4
RA00041_080320,CAM034A2,N2,4
RA00041_080320,CAM034A3,N2,4
RA00041_080320,CAM034A4,N2,4
RA00041_080320,CAM034A5,N2,4
RA00041_080320,CAM034A6,N2,4
RA00041_080320,CAM035A2,N2,4
RA00041_080320,CAM035A4,N2,4
RA00041_080320,CAM035A5,N2,4
RA00041_080320,CAM037A1,N2,4
RA00041_080320,CAM037A2,N2,4
RA00041_080320,CAM037A3,N2,4
RA00041_080320,CAM037A4,N2,4
RA00041_080320,CAM037A5,N2,4
RA00041_080320,CAM037A6,N2,4
RA00041_080320,CAM302A2,N2,4
RA00041_080320,CAM302A3,N2,4
RA00041_080320,CAM302A4,N2,4
RA00041_080320,CAM302A5,N2,4
RA00041_080320,CAM302A6,N2,4
RA00041_080320,CAM307A1,N2,4
RA00041_080320,CAM307A3,N2,4
RA00041_080320,CAM307A4,N2,4
RA00041_080320,CAM307A5,N2,4
RA00041_080320,CAM307A6,N2,4
RA00042_120320,CAM036A1,tph-1,1
RA00042_120320,CAM036A2,tph-1,1
RA00042_120320,CAM036A3,tph-1,1
RA00042_120320,CAM036A4,tph-1,1
RA00042_120320,CAM036A5,tph-1,1
RA00042_120320,CAM036A6,tph-1,1
RA00042_120320,CAM306A2,tph-1,1
RA00042_120320,CAM306A3,tph-1,1
RA00042_120320,CAM306A6,tph-1,1
RA00042_120320,CAM308A1,tph-1,1
RA00042_120320,CAM308A2,tph-1,1
RA00042_120320,CAM308A3,tph-1,1
RA00042_120320,CAM308A4,tph-1,1
RA00042_120320,CAM308A5,tph-1,1
RA00042_120320,CAM308A6,tph-1,1
RA00042_120320,CAM309A2,tph-1,1
RA00042_120320,CAM537A2,tph-1,1
RA00042_120320,CAM537A5,tph-1,1
RA00043_120320,CAM034A1,N2,1
RA00043_120320,CAM034A2,N2,1
RA00043_120320,CAM034A3,N2,1
RA00043_120320,CAM034A4,N2,1
RA00043_120320,CAM034A5,N2,1
RA00043_120320,CAM034A6,N2,1
RA00043_120320,CAM035A1,N2,1
RA00043_120320,CAM035A3,N2,1
RA00043_120320,CAM035A4,N2,1
RA00043_120320,CAM035A5,N2,1
RA00043_120320,CAM035A6,N2,1
RA00043_120320,CAM037A1,N2,1
RA00043_120320,CAM037A2,N2,1
RA00043_120320,CAM037A3,N2,1
RA00043_120320,CAM037A5,N2,1
RA00043_120320,CAM037A6,N2,1
RA00043_120320,CAM302A1,N2,1
RA00043_120320,CAM302A2,N2,1
RA00043_120320,CAM302A3,N2,1
RA00043_120320,CAM302A4,N2,1
RA00043_120320,CAM302A5,N2,1
RA00043_120320,CAM302A6,N2,1
RA00043_120320,CAM307A1,N2,1
RA00043_120320,CAM307A2,N2,1
RA00043_120320,CAM307A3,N2,1
RA00043_120320,CAM307A4,N2,1
RA00043_120320,CAM307A5,N2,1
RA00043_120320,CAM307A6,N2,1
RA00043_120320,CAM516A1,N2,1
RA00043_120320,CAM516A2,N2,1
RA00043_120320,CAM516A3,N2,1
RA00043_120320,CAM516A4,N2,1
RA00043_120320,CAM516A5,N2,1
RA00043_120320,CAM516A6,N2,1
RA00044_100520,CAM034A1,N2,3
RA00044_100520,CAM034A2,N2,3
RA00044_100520,CAM034A3,N2,3
RA00044_100520,CAM034A5,N2,3
RA00044_100520,CAM035A6,N2,3
RA00044_100520,CAM037A1,N2,3
RA00044_100520,CAM037A2,N2,3
RA00044_100520,CAM037A4,N2,3
RA00044_100520,CAM037A5,N2,3
RA00044_100520,CAM302A1,N2,3
RA00044_100520,CAM302A2,N2,3
RA00044_100520,CAM302A3,N2,3
RA00044_100520,CAM302A4,N2,3
RA00044_100520,CAM302A6,N2,3
RA00044_100520,CAM307A1,N2,3
RA00044_100520,CAM307A2,N2,3
RA00044_100520,CAM307A3,N2,3
RA00044_100520,CAM307A4,N2,3
RA00044_100520,CAM516A1,N2,3
RA00044_100520,CAM516A5,N2,3
RA00045_070520,CAM034A3,N2,0
RA00045_070520,CAM034A4,N2,0
RA00045_070520,CAM034A5,N2,0
RA00045_070520,CAM035A1,N2,0
RA00045_070520,CAM035A2,N2,0
RA00045_070520,CAM037A1,N2,0
RA00045_070520,CAM037A3,N2,0
RA00045_070520,CAM037A5,N2,0
RA00045_070520,CAM302A1,N2,0
RA00045_070520,CAM302A2,N2,0
RA00045_070520,CAM302A3,N2,0
RA00045_070520,CAM302A6,N2,0
RA00045_070520,CAM307A1,N2,0
RA00045_070520,CAM307A2,N2,0
RA00045_070520,CAM307A3,N2,0
RA00045_070520,CAM307A4,N2,0
RA00045_070520,CAM307A5,N2,0
RA00045_070520,CAM307A6,N2,0
RA00045_070520,CAM516A2,N2,0
RA00045_070520,CAM516A3,N2,0
RA00045_070520,CAM516A5,N2,0
RA00046_170520,CAM034A1,N2,0
RA00046_170520,CAM034A2,N2,0
RA00046_170520,CAM034A3,N2,0
RA00046_170520,CAM035A1,N2,0
RA00046_170520,CAM035A3,N2,0
RA00046_170520,CAM035A4,N2,0
RA00046_170520,CAM035A5,N2,0
RA00046_170520,CAM035A6,N2,0
RA00046_170520,CAM037A1,N2,0
RA00046_170520,CAM037A2,N2,0
RA00046_170520,CAM037A3,N2,0
RA00046_170520,CAM037A5,N2,0
RA00046_170520,CAM302A1,N2,0
RA00046_170520,CAM302A2,N2,0
RA00046_170520,CAM302A3,N2,0
RA00046_170520,CAM302A5,N2,0
RA00046_170520,CAM302A6,N2,0
RA00046_170520,CAM307A1,N2,0
RA00046_170520,CAM307A5,N2,0
RA00046_170520,CAM516A1,N2,0
RA00046_170520,CAM516A2,N2,0
RA00046_170520,CAM516A4,N2,0
RA00047_200520,CAM034A2,N2,3
RA00047_200520,CAM034A4,N2,3
RA00047_200520,CAM034A5,N2,3
RA00047_200520,CAM034A6,N2,3
RA00047_200520,CAM035A1,N2,3
RA00047_200520,CAM035A3,N2,3
RA00047_200520,CAM035A4,N2,3
RA00047_200520,CAM035A5,N2,3
RA00047_200520,CAM037A1,N2,3
RA00047_200520,CAM037A2,N2,3
RA00047_200520,CAM037A3,N2,3
RA00047_200520,CAM037A4,N2,3
RA00047_200520,CAM037A5,N2,3
RA00047_200520,CAM037A6,N2,3
RA00047_200520,CAM302A1,N2,3
RA00047_200520,CAM302A2,N2,3
RA00047_200520,CAM302A3,N2,3
RA00047_200520,CAM302A4,N2,3
RA00047_200520,CAM302A5,N2,3
RA00047_200520,CAM302A6,N2,3
RA00047_200520,CAM307A1,N2,3
RA00047_200520,CAM307A2,N2,3
RA00047_200520,CAM307A3,N2,3
RA00047_200520,CAM307A4,N2,3
RA00047_200520,CAM307A5,N2,3
RA00047_200520,CAM307A6,N2,3
RA00047_200520,CAM516A1,N2,3
RA00047_200520,CAM516A3,N2,3
RA00047_200520,CAM516A4,N2,3
RA00047_200520,CAM516A5,N2,3
RA00047_200520,CAM516A6,N2,3
RA00048_240520,CAM034A1,N2,4
RA00048_240520,CAM034A2,N2,4
RA00048_240520,CAM034A3,N2,4
RA00048_240520,CAM034A4,N2,4
RA00048_240520,CAM034A5,N2,4
RA00048_240520,CAM035A1,N2,4
RA00048_240520,CAM035A2,N2,4
RA00048_240520,CAM035A3,N2,4
RA00048_240520,CAM035A4,N2,4
RA00048_240520,CAM035A5,N2,4
RA00048_240520,CAM035A6,N2,4
RA00048_240520,CAM037A1,N2,4
RA00048_240520,CAM037A2,N2,4
RA00048_240520,CAM037A3,N2,4
RA00048_240520,CAM037A5,N2,4
RA00048_240520,CAM037A6,N2,4
RA00048_240520,CAM302A3,N2,4
RA00048_240520,CAM302A6,N2,4
RA00048_240520,CAM307A1,N2,4
RA00048_240520,CAM307A2,N2,4
RA00048_240520,CAM307A3,N2,4
RA00048_240520,CAM307A4,N2,4
RA00048_240520,CAM307A5,N2,4
RA00048_240520,CAM307A6,N2,4
RA00048_240520,CAM516A1,N2,4
RA00048_240520,CAM516A2,N2,4
RA00048_240520,CAM516A3,N2,4
RA00048_240520,CAM516A4,N2,4
RA00048_240520,CAM516A5,N2,4
RA00048_240520,CAM516A6,N2,4
RA00049_310520,CAM034A3,N2,4
RA00049_310520,CAM034A4,N2,4
RA00049_310520,CAM034A5,N2,4
RA00049_310520,CAM035A1,N2,4
RA00049_310520,CAM035A2,N2,4
RA00049_310520,CAM035A3,N2,4
RA00049_310520,CAM035A4,N2,4
RA00049_310520,CAM035A5,N2,4
RA00049_310520,CAM035A6,N2,4
RA00049_310520,CAM037A1,N2,4
RA00049_310520,CAM037A2,N2,4
RA00049_310520,CAM037A3,N2,4
RA00049_310520,CAM037A4,N2,4
RA00049_310520,CAM037A6,N2,4
RA00049_310520,CAM302A1,N2,4
RA00049_310520,CAM302A2,N2,4
RA00049_310520,CAM302A3,N2,4
RA00049_310520,CAM302A4,N2,4
RA00049_310520,CAM302A5,N2,4
RA00049_310520,CAM302A6,N2,4
RA00049_310520,CAM307A1,N2,4
RA00049_310520,CAM307A2,N2,4
RA00049_310520,CAM307A4,N2,4
RA00049_310520,CAM307A5,N2,4
RA00049_310520,CAM307A6,N2,4
RA00049_310520,CAM516A1,N2,4
RA00049_310520,CAM516A3,N2,4
RA00049_310520,CAM516A4,N2,4
RA00049_310520,CAM516A5,N2,4
RA00049_310520,CAM516A6,N2,4
RA00050_040620,CAM034A1,N2,1
RA00050_040620,CAM034A3,N2,1
RA00050_040620,CAM034A5,N2,1
RA00050_040620,CAM035A3,N2,1
RA00050_040620,CAM035A4,N2,1
RA00050_040620,CAM035A5,N2,1
RA00050_040620,CAM037A1,N2,1
RA00050_040620,CAM037A2,N2,1
RA00050_040620,CAM302A1,N2,1
RA00050_040620,CAM302A2,N2,1
RA00050_040620,CAM302A3,N2,1
RA00050_040620,CAM302A4,N2,1
RA00050_040620,CAM302A5,N2,1
RA00050_040620,CAM302A6,N2,1
RA00050_040620,CAM307A4,N2,1
RA00050_040620,CAM307A5,N2,1
RA00050_040620,CAM516A1,N2,1
RA00050_040620,CAM516A5,N2,1
RA00054_210620,CAM034A2,tph-1,4
RA00054_210620,CAM034A3,tph-1,4
RA00054_210620,CAM034A6,tph-1,4
RA00054_210620,CAM035A1,tph-1,4
RA00054_210620,CAM035A2,tph-1,4
RA00054_210620,CAM035A4,tph-1,4
RA00054_210620,CAM035A5,tph-1,4
RA00054_210620,CAM035A6,tph-1,4
RA00054_210620,CAM037A3,tph-1,4
RA00054_210620,CAM037A4,tph-1,4
RA00054_210620,CAM037A5,tph-1,4
RA00054_210620,CAM037A6,tph-1,4
RA00054_210620,CAM302A2,tph-1,4
RA00054_210620,CAM302A3,tph-1,4
RA00054_210620,CAM302A6,tph-1,4
RA00054_210620,CAM307A1,tph-1,4
RA00054_210620,CAM307A3,tph-1,4
RA00054_210620,CAM307A6,tph-1,4
RA00054_210620,CAM516A1,tph-1,4
RA00054_210620,CAM516A2,tph-1,4
RA00054_210620,CAM516A3,tph-1,4
RA00054_210620,CAM516A4,tph-1,4
RA00054_210620,CAM516A6,tph-1,4
RA00055_280620,CAM034A1,tph-1,4
RA00055_280620,CAM034A2,tph-1,4
RA00055_280620,CAM034A3,tph-1,4
RA00055_280620,CAM034A4,tph-1,4
RA00055_280620,CAM034A5,tph-1,4
RA00055_280620,CAM034A6,tph-1,4
RA00055_280620,CAM035A1,tph-1,4
RA00055_280620,CAM035A2,tph-1,4
RA00055_280620,CAM035A3,tph-1,4
RA00055_280620,CAM035A4,tph-1,4
RA00055_280620,CAM035A5,tph-1,4
RA00055_280620,CAM035A6,tph-1,4
RA00055_280620,CAM037A1,tph-1,4
RA00055_280620,CAM037A2,tph-1,4
RA00055_280620,CAM037A3,tph-1,4
RA00055_280620,CAM037A4,tph-1,4
RA00055_280620,CAM037A5,tph-1,4
RA00055_280620,CAM037A6,tph-1,4
RA00055_280620,CAM302A2,tph-1,4
RA00055_280620,CAM302A3,tph-1,4
RA00055_280620,CAM302A4,tph-1,4
RA00055_280620,CAM302A6,tph-1,4
RA00055_280620,CAM307A1,tph-1,4
RA00055_280620,CAM307A4,tph-1,4
RA00055_280620,CAM307A6,tph-1,4
RA00055_280620,CAM516A1,tph-1,4
RA00055_280620,CAM516A2,tph-1,4
RA00055_280620,CAM516A3,tph-1,4
RA00055_280620,CAM516A5,tph-1,4
RA00055_280620,CAM516A6,tph-1,4
RA00057_080720,CAM036A1,cat-2,3
RA00057_080720,CAM036A2,cat-2,3
RA00057_080720,CAM036A3,cat-2,3
RA00057_080720,CAM036A4,cat-2,3
RA00057_080720,CAM036A5,cat-2,3
RA00057_080720,CAM036A6,cat-2,3
RA00057_080720,CAM304A3,cat-2,3
RA00057_080720,CAM304A4,cat-2,3
RA00057_080720,CAM304A5,cat-2,3
RA00057_080720,CAM306A1,cat-2,3
RA00057_080720,CAM306A2,cat-2,3
RA00057_080720,CAM306A3,cat-2,3
RA00057_080720,CAM306A4,cat-2,3
RA00057_080720,CAM306A6,cat-2,3
RA00057_080720,CAM308A1,cat-2,3
RA00057_080720,CAM308A2,cat-2,3
RA00057_080720,CAM308A3,cat-2,3
RA00057_080720,CAM308A4,cat-2,3
RA00057_080720,CAM308A5,cat-2,3
RA00057_080720,CAM308A6,cat-2,3
RA00057_080720,CAM309A1,cat-2,3
RA00057_080720,CAM309A2,cat-2,3
RA00057_080720,CAM309A3,cat-2,3
RA00057_080720,CAM309A4,cat-2,3
RA00057_080720,CAM309A5,cat-2,3
RA00057_080720,CAM537A1,cat-2,3
RA00057_080720,CAM537A3,cat-2,3
RA00057_080720,CAM537A4,cat-2,3
RA00057_080720,CAM537A5,cat-2,3
RA00057_080720,CAM537A6,cat-2,3
RA00058_130520,CAM040A1,tph-1,3
RA00058_130520,CAM040A2,tph-1,3
RA00058_130520,CAM040A3,tph-1,3
RA00058_130520,CAM040A4,tph-1,3
RA00058_130520,CAM040A5,tph-1,3
RA00058_130520,CAM040A6,tph-1,3
RA00058_130520,CAM788A3,tph-1,3
RA00058_130520,CAM788A5,tph-1,3
RA00058_130520,CAM788A6,tph-1,3
RA00058_130520,CAM791A1,tph-1,3
RA00058_130520,CAM791A2,tph-1,3
RA00058_130520,CAM791A4,tph-1,3
RA00058_130520,CAM791A5,tph-1,3
RA00058_130520,CAM795A1,tph-1,3
RA00058_130520,CAM795A4,tph-1,3
RA00058_130520,CAM795A5,tph-1,3
RA00058_130520,CAM795A6,tph-1,3
RA00058_130520,CAM796A1,tph-1,3
RA00058_130520,CAM796A2,tph-1,3
RA00058_130520,CAM796A4,tph-1,3
RA00058_130520,CAM796A5,tph-1,3
RA00058_130520,CAM796A6,tph-1,3
RA00059_030620,CAM040A1,tph-1,3
RA00059_030620,CAM040A4,tph-1,3
RA00059_030620,CAM040A5,tph-1,3
RA00059_030620,CAM040A6,tph-1,3
RA00059_030620,CAM787A2,tph-1,3
RA00059_030620,CAM787A3,tph-1,3
RA00059_030620,CAM787A4,tph-1,3
RA00059_030620,CAM788A1,tph-1,3
RA00059_030620,CAM788A3,tph-1,3
RA00059_030620,CAM788A5,tph-1,3
RA00059_030620,CAM788A6,tph-1,3
RA00059_030620,CAM791A2,tph-1,3
RA00059_030620,CAM791A3,tph-1,3
RA00059_030620,CAM791A5,tph-1,3
RA00059_030620,CAM791A6,tph-1,3
RA00059_030620,CAM795A1,tph-1,3
RA00059_030620,CAM795A2,tph-1,3
RA00059_030620,CAM795A4,tph-1,3
RA00059_030620,CAM795A5,tph-1,3
RA00059_030620,CAM795A6,tph-1,3
RA00059_030620,CAM796A5,tph-1,3
RA00059_030620,CAM796A6,tph-1,3
RA00060_250620,CAM034A2,tph-1,1
RA00060_250620,CAM034A4,tph-1,1
RA00060_250620,CAM034A5,tph-1,1
RA00060_250620,CAM035A1,tph-1,1
RA00060_250620,CAM035A2,tph-1,1
RA00060_250620,CAM035A3,tph-1,1
RA00060_250620,CAM035A5,tph-1,1
RA00060_250620,CAM037A1,tph-1,1
RA00060_250620,CAM037A2,tph-1,1
RA00060_250620,CAM037A5,tph-1,1
RA00060_250620,CAM037A6,tph-1,1
RA00060_250620,CAM302A3,tph-1,1
RA00060_250620,CAM302A4,tph-1,1
RA00060_250620,CAM302A5,tph-1,1
RA00060_250620,CAM302A6,tph-1,1
RA00060_250620,CAM307A1,tph-1,1
RA00060_250620,CAM516A1,tph-1,1
RA00060_250620,CAM516A3,tph-1,1
RA00060_250620,CAM516A4,tph-1,1
RA00061_190720,CAM040A1,cat-2,0
RA00061_190720,CAM040A2,cat-2,0
RA00061_190720,CAM040A4,cat-2,0
RA00061_190720,CAM040A6,cat-2,0
RA00061_190720,CAM787A1,cat-2,0
RA00061_190720,CAM787A2,cat-2,0
RA00061_190720,CAM787A4,cat-2,0
RA00061_190720,CAM787A5,cat-2,0
RA00061_190720,CAM787A6,cat-2,0
RA00061_190720,CAM788A1,cat-2,0
RA00061_190720,CAM788A3,cat-2,0
RA00061_190720,CAM788A4,cat-2,0
RA00061_190720,CAM788A6,cat-2,0
RA00061_190720,CAM791A1,cat-2,0
RA00061_190720,CAM791A2,cat-2,0
RA00061_190720,CAM791A4,cat-2,0
RA00061_190720,CAM791A5,cat-2,0
RA00061_190720,CAM791A6,cat-2,0
RA00061_190720,CAM795A1,cat-2,0
RA00061_190720,CAM795A3,cat-2,0
RA00061_190720,CAM795A4,cat-2,0
RA00061_190720,CAM795A5,cat-2,0
RA00061_190720,CAM796A1,cat-2,0
RA00061_190720,CAM796A3,cat-2,0
RA00061_190720,CAM796A5,cat-2,0
RA00061_190720,CAM796A6,cat-2,0
RA00062_170620,CAM040A1,tph-1,3
RA00062_170620,CAM040A2,tph-1,3
RA00062_170620,CAM040A4,tph-1,3
RA00062_170620,CAM040A5,tph-1,3
RA00062_170620,CAM040A6,tph-1,3
RA00062_170620,CAM787A1,tph-1,3
RA00062_170620,CAM787A3,tph-1,3
RA00062_170620,CAM787A5,tph-1,3
RA00062_170620,CAM788A1,tph-1,3
RA00062_170620,CAM788A3,tph-1,3
RA00062_170620,CAM788A4,tph-1,3
RA00062_170620,CAM788A5,tph-1,3
RA00062_170620,CAM788A6,tph-1,3
RA00062_170620,CAM791A1,tph-1,3
RA00062_170620,CAM791A2,tph-1,3
RA00062_170620,CAM791A4,tph-1,3
RA00062_170620,CAM791A5,tph-1,3
RA00062_170620,CAM791A6,tph-1,3
RA00062_170620,CAM795A1,tph-1,3
RA00062_170620,CAM795A2,tph-1,3
RA00062_170620,CAM795A3,tph-1,3
RA00062_170620,CAM795A4,tph-1,3
RA00062_170620,CAM795A5,tph-1,3
RA00062_170620,CAM795A6,tph-1,3
RA00062_170620,CAM796A1,tph-1,3
RA00062_170620,CAM796A2,tph-1,3
RA00062_170620,CAM796A3,tph-1,3
RA00062_170620,CAM796A4,tph-1,3
RA00062_170620,CAM796A6,tph-1,3
RA00064_190720,CAM034A1,cat-2,0
RA00064_190720,CAM034A2,cat-2,0
RA00064_190720,CAM034A3,cat-2,0
RA00064_190720,CAM034A4,cat-2,0
RA00064_190720,CAM034A5,cat-2,0
RA00064_190720,CAM034A6,cat-2,0
RA00064_190720,CAM035A1,cat-2,0
RA00064_190720,CAM035A4,cat-2,0
RA00064_190720,CAM035A5,cat-2,0
RA00064_190720,CAM035A6,cat-2,0
RA00064_190720,CAM037A1,cat-2,0
RA00064_190720,CAM037A2,cat-2,0
RA00064_190720,CAM037A3,cat-2,0
RA00064_190720,CAM037A4,cat-2,0
RA00064_190720,CAM037A5,cat-2,0
RA00064_190720,CAM037A6,cat-2,0
RA00064_190720,CAM302A1,cat-2,0
RA00064_190720,CAM302A2,cat-2,0
RA00064_190720,CAM302A4,cat-2,0
RA00064_190720,CAM302A5,cat-2,0
RA00064_190720,CAM307A1,cat-2,0
RA00064_190720,CAM307A2,cat-2,0
RA00064_190720,CAM307A4,cat-2,0
RA00064_190720,CAM307A5,cat-2,0
RA00064_190720,CAM307A6,cat-2,0
RA00064_190720,CAM516A2,cat-2,0
RA00064_190720,CAM516A3,cat-2,0
RA00064_190720,CAM516A4,cat-2,0
RA00064_190720,CAM516A5,cat-2,0
RA00064_190720,CAM516A6,cat-2,0
RA00066_290720,CAM034A1,cat-2,3
RA00066_290720,CAM034A2,cat-2,3
RA00066_290720,CAM034A3,cat-2,3
RA00066_290720,CAM034A4,cat-2,3
RA00066_290720,CAM034A6,cat-2,3
RA00066_290720,CAM035A1,cat-2,3
RA00066_290720,CAM035A2,cat-2,3
RA00066_290720,CAM035A3,cat-2,3
RA00066_290720,CAM035A4,cat-2,3
RA00066_290720,CAM035A5,cat-2,3
RA00066_290720,CAM035A6,cat-2,3
RA00066_290720,CAM037A1,cat-2,3
RA00066_290720,CAM037A2,cat-2,3
RA00066_290720,CAM037A3,cat-2,3
RA00066_290720,CAM037A6,cat-2,3
RA00066_290720,CAM302A2,cat-2,3
RA00066_290720,CAM302A4,cat-2,3
RA00066_290720,CAM302A5,cat-2,3
RA00066_290720,CAM302A6,cat-2,3
RA00066_290720,CAM307A1,cat-2,3
RA00066_290720,CAM307A2,cat-2,3
RA00066_290720,CAM307A3,cat-2,3
RA00066_290720,CAM307A4,cat-2,3
RA00066_290720,CAM307A5,cat-2,3
RA00066_290720,CAM307A6,cat-2,3
RA00066_290720,CAM516A1,cat-2,3
RA00066_290720,CAM516A2,cat-2,3
RA00066_290720,CAM516A3,cat-2,3
RA00066_290720,CAM516A4,cat-2,3
RA00066_290720,CAM516A5,cat-2,3
RA00066_290720,CAM516A6,cat-2,3
RA00067_260720,CAM040A2,cat-2,0
RA00067_260720,CAM040A3,cat-2,0
RA00067_260720,CAM787A1,cat-2,0
RA00067_260720,CAM787A2,cat-2,0
RA00067_260720,CAM787A3,cat-2,0
RA00067_260720,CAM787A5,cat-2,0
RA00067_260720,CAM787A6,cat-2,0
RA00067_260720,CAM788A1,cat-2,0
RA00067_260720,CAM788A2,cat-2,0
RA00067_260720,CAM788A4,cat-2,0
RA00067_260720,CAM788A5,cat-2,0
RA00067_260720,CAM788A6,cat-2,0
RA00067_260720,CAM791A1,cat-2,0
RA00067_260720,CAM791A2,cat-2,0
RA00067_260720,CAM791A3,cat-2,0
RA00067_260720,CAM791A4,cat-2,0
RA00067_260720,CAM791A5,cat-2,0
RA00067_260720,CAM791A6,cat-2,0
RA00067_260720,CAM795A2,cat-2,0
RA00067_260720,CAM795A3,cat-2,0
RA00067_260720,CAM795A4,cat-2,0
RA00067_260720,CAM795A6,cat-2,0
RA00067_260720,CAM796A1,cat-2,0
RA00067_260720,CAM796A2,cat-2,0
RA00067_260720,CAM796A4,cat-2,0
RA00069_220720,CAM034A1,cat-2,3
RA00069_220720,CAM034A2,cat-2,3
RA00069_220720,CAM034A3,cat-2,3
RA00069_220720,CAM034A4,cat-2,3
RA00069_220720,CAM034A5,cat-2,3
RA00069_220720,CAM034A6,cat-2,3
RA00069_220720,CAM035A1,cat-2,3
RA00069_220720,CAM035A2,cat-2,3
RA00069_220720,CAM035A3,cat-2,3
RA00069_220720,CAM035A4,cat-2,3
RA00069_220720,CAM035A5,cat-2,3
RA00069_220720,CAM035A6,cat-2,3
RA00069_220720,CAM037A1,cat-2,3
RA00069_220720,CAM037A2,cat-2,3
RA00069_220720,CAM037A3,cat-2,3
RA00069_220720,CAM037A4,cat-2,3
RA00069_220720,CAM037A5,cat-2,3
RA00069_220720,CAM037A6,cat-2,3
RA00069_220720,CAM302A1,cat-2,3
RA00069_220720,CAM302A2,cat-2,3
RA00069_220720,CAM302A3,cat-2,3
RA00069_220720,CAM302A4,cat-2,3
RA00069_220720,CAM302A5,cat-2,3
RA00069_220720,CAM302A6,cat-2,3
RA00069_220720,CAM307A1,cat-2,3
RA00069_220720,CAM307A2,cat-2,3
RA00069_220720,CAM307A4,cat-2,3
RA00069_220720,CAM307A5,cat-2,3
RA00069_220720,CAM516A2,cat-2,3
RA00069_220720,CAM516A4,cat-2,3
RA00069_220720,CAM516A5,cat-2,3
RA00069_220720,CAM516A6,cat-2,3
RA00073_090820,CAM034A3,N2,3
RA00073_090820,CAM034A4,N2,3
RA00073_090820,CAM034A6,N2,3
RA00073_090820,CAM035A2,N2,3
RA00073_090820,CAM035A3,N2,3
RA00073_090820,CAM035A5,N2,3
RA00073_090820,CAM035A6,N2,3
RA00073_090820,CAM037A3,N2,3
RA00073_090820,CAM037A4,N2,3
RA00073_090820,CAM037A5,N2,3
RA00073_090820,CAM037A6,N2,3
RA00073_090820,CAM302A1,N2,3
RA00073_090820,CAM302A2,N2,3
RA00073_090820,CAM302A4,N2,3
RA00073_090820,CAM302A5,N2,3
RA00073_090820,CAM307A3,N2,3
RA00073_090820,CAM307A6,N2,3
RA00073_090820,CAM516A1,N2,3
RA00073_090820,CAM516A3,N2,3
RA00073_090820,CAM516A4,N2,3
RA00073_090820,CAM516A5,N2,3
RA00073_090820,CAM516A6,N2,3
RA00074_160820,CAM034A2,cat-2,0
RA00074_160820,CAM034A3,cat-2,0
RA00074_160820,CAM034A4,cat-2,0
RA00074_160820,CAM034A5,cat-2,0
RA00074_160820,CAM034A6,cat-2,0
RA00074_160820,CAM035A1,cat-2,0
RA00074_160820,CAM035A2,cat-2,0
RA00074_160820,CAM035A3,cat-2,0
RA00074_160820,CAM035A4,cat-2,0
RA00074_160820,CAM035A5,cat-2,0
RA00074_160820,CAM037A2,cat-2,0
RA00074_160820,CAM037A4,cat-2,0
RA00074_160820,CAM037A5,cat-2,0
RA00074_160820,CAM302A1,cat-2,0
RA00074_160820,CAM302A2,cat-2,0
RA00074_160820,CAM302A4,cat-2,0
RA00074_160820,CAM302A5,cat-2,0
RA00077_190820,CAM034A1,cat-2,3
RA00077_190820,CAM034A2,cat-2,3
RA00077_190820,CAM034A3,cat-2,3
RA00077_190820,CAM034A4,cat-2,3
RA00077_190820,CAM034A5,cat-2,3
RA00077_190820,CAM034A6,cat-2,3
RA00077_190820,CAM035A1,cat-2,3
RA00077_190820,CAM035A2,cat-2,3
RA00077_190820,CAM035A4,cat-2,3
RA00077_190820,CAM035A5,cat-2,3
RA00077_190820,CAM035A6,cat-2,3
RA00077_190820,CAM037A1,cat-2,3
RA00077_190820,CAM037A2,cat-2,3
RA00077_190820,CAM037A3,cat-2,3
RA00077_190820,CAM037A4,cat-2,3
RA00077_190820,CAM037A5,cat-2,3
RA00077_190820,CAM302A1,cat-2,3
RA00077_190820,CAM302A2,cat-2,3
RA00077_190820,CAM302A3,cat-2,3
RA00077_190820,CAM302A4,cat-2,3
RA00077_190820,CAM302A5,cat-2,3
RA00077_190820,CAM302A6,cat-2,3
RA00077_190820,CAM307A3,cat-2,3
RA00077_190820,CAM307A4,cat-2,3
RA00077_190820,CAM307A6,cat-2,3
RA00077_190820,CAM516A1,cat-2,3
RA00077_190820,CAM516A2,cat-2,3
RA00077_190820,CAM516A3,cat-2,3
RA00077_190820,CAM516A4,cat-2,3
RA00077_190820,CAM516A5,cat-2,3
RA00077_190820,CAM516A6,cat-2,3
RA00116_101220,CAM034A1,cat-2,1
RA00116_101220,CAM034A2,cat-2,1
RA00116_101220,CAM034A3,cat-2,1
RA00116_101220,CAM034A4,cat-2,1
RA00116_101220,CAM034A5,cat-2,1
RA00116_101220,CAM034A6,cat-2,1
RA00116_101220,CAM035A1,cat-2,1
RA00116_101220,CAM035A2,cat-2,1
RA00116_101220,CAM035A3,cat-2,1
RA00116_101220,CAM035A6,cat-2,1
RA00116_101220,CAM037A1,cat-2,1
RA00116_101220,CAM037A2,cat-2,1
RA00116_101220,CAM037A3,cat-2,1
RA00116_101220,CAM037A4,cat-2,1
RA00116_101220,CAM037A5,cat-2,1
RA00116_101220,CAM037A6,cat-2,1
RA00116_101220,CAM302A1,cat-2,1
RA00116_101220,CAM302A2,cat-2,1
RA00116_101220,CAM302A3,cat-2,1
RA00116_101220,CAM302A4,cat-2,1
RA00116_101220,CAM302A5,cat-2,1
RA00116_101220,CAM307A1,cat-2,1
RA00116_101220,CAM307A2,cat-2,1
RA00116_101220,CAM307A3,cat-2,1
RA00116_101220,CAM307A4,cat-2,1
RA00116_101220,CAM307A6,cat-2,1
RA00116_101220,CAM516A1,cat-2,1
RA00116_101220,CAM516A2,cat-2,1
RA00116_101220,CAM516A3,cat-2,1
RA00116_101220,CAM516A4,cat-2,1
RA00116_101220,CAM516A5,cat-2,1
RA00116_101220,CAM516A6,cat-2,1
RA00120_241220,CAM034A1,N2,0
RA00120_241220,CAM034A2,N2,0
RA00120_241220,CAM034A3,N2,0
RA00120_241220,CAM034A4,N2,0
RA00120_241220,CAM034A5,N2,0
RA00120_241220,CAM034A6,N2,0
RA00120_241220,CAM035A2,N2,0
RA00120_241220,CAM035A3,N2,0
RA00120_241220,CAM035A4,N2,0
RA00120_241220,CAM035A5,N2,0
RA00120_241220,CAM037A1,N2,0
RA00120_241220,CAM037A3,N2,0
RA00120_241220,CAM037A4,N2,0
RA00120_241220,CAM037A5,N2,0
RA00120_241220,CAM302A1,N2,0
RA00120_241220,CAM302A2,N2,0
RA00120_241220,CAM302A3,N2,0
RA00120_241220,CAM302A4,N2,0
RA00120_241220,CAM302A5,N2,0
RA00120_241220,CAM302A6,N2,0
RA00120_241220,CAM307A1,N2,0
RA00120_241220,CAM307A2,N2,0
RA00120_241220,CAM307A3,N2,0
RA00120_241220,CAM307A4,N2,0
RA00120_241220,CAM307A5,N2,0
RA00120_241220,CAM307A6,N2,0
RA00120_241220,CAM516A1,N2,0
RA00120_241220,CAM516A2,N2,0
RA00120_241220,CAM516A3,N2,0
RA00120_241220,CAM516A4,N2,0
RA00120_241220,CAM516A5,N2,0
RA00120_241220,CAM516A6,N2,0
RA00125_140121,CAM034A1,dop-2,0
RA00125_140121,CAM034A2,dop-2,0
RA00125_140121,CAM034A5,dop-2,0
RA00125_140121,CAM034A6,dop-2,0
RA00125_140121,CAM035A1,dop-2,0
RA00125_140121,CAM035A2,dop-2,0
RA00125_140121,CAM035A3,dop-2,0
RA00125_140121,CAM035A4,dop-2,0
RA00125_140121,CAM035A5,dop-2,0
RA00125_140121,CAM035A6,dop-2,0
RA00125_140121,CAM037A1,dop-2,0
RA00125_140121,CAM037A3,dop-2,0
RA00125_140121,CAM037A4,dop-2,0
RA00125_140121,CAM037A5,dop-2,0
RA00125_140121,CAM037A6,dop-2,0
RA00125_140121,CAM302A1,dop-2,0
RA00125_140121,CAM302A4,dop-2,0
RA00125_140121,CAM302A5,dop-2,0
RA00125_140121,CAM302A6,dop-2,0
RA00125_140121,CAM307A1,dop-2,0
RA00125_140121,CAM307A2,dop-2,0
RA00125_140121,CAM307A3,dop-2,0
RA00125_140121,CAM307A4,dop-2,0
RA00125_140121,CAM307A5,dop-2,0
RA00125_140121,CAM307A6,dop-2,0
RA00126_271220,CAM034A1,cat-2,0
RA00126_271220,CAM034A2,cat-2,0
RA00126_271220,CAM034A6,cat-2,0
RA00126_271220,CAM035A1,cat-2,0
RA00126_271220,CAM035A2,cat-2,0
RA00126_271220,CAM035A3,cat-2,0
RA00126_271220,CAM035A5,cat-2,0
RA00126_271220,CAM035A6,cat-2,0
RA00126_271220,CAM037A2,cat-2,0
RA00126_271220,CAM037A3,cat-2,0
RA00126_271220,CAM037A4,cat-2,0
RA00126_271220,CAM302A3,cat-2,0
RA00126_271220,CAM302A4,cat-2,0
RA00126_271220,CAM302A5,cat-2,0
RA00126_271220,CAM302A6,cat-2,0
RA00126_271220,CAM307A1,cat-2,0
RA00126_271220,CAM307A2,cat-2,0
RA00126_271220,CAM307A3,cat-2,0
RA00126_271220,CAM307A4,cat-2,0
RA00126_271220,CAM307A5,cat-2,0
RA00126_271220,CAM307A6,cat-2,0
RA00126_271220,CAM516A1,cat-2,0
RA00126_271220,CAM516A2,cat-2,0
RA00126_271220,CAM516A3,cat-2,0
RA00126_271220,CAM516A4,cat-2,0
RA00126_271220,CAM516A5,cat-2,0
RA00127_100121,CAM034A1,dop-3,0
RA00127_100121,CAM034A2,dop-3,0
RA00127_100121,CAM034A3,dop-3,0
RA00127_100121,CAM034A4,dop-3,0
RA00127_100121,CAM034A5,dop-3,0
RA00127_100121,CAM034A6,dop-3,0
RA00127_100121,CAM035A1,dop-3,0
RA00127_100121,CAM035A2,dop-3,0
RA00127_100121,CAM035A3,dop-3,0
RA00127_100121,CAM035A4,dop-3,0
RA00127_100121,CAM035A5,dop-3,0
RA00127_100121,CAM035A6,dop-3,0
RA00127_100121,CAM037A1,dop-3,0
RA00127_100121,CAM037A2,dop-3,0
RA00127_100121,CAM037A3,dop-3,0
RA00127_100121,CAM037A4,dop-3,0
RA00127_100121,CAM037A5,dop-3,0
RA00127_100121,CAM302A1,dop-3,0
RA00127_100121,CAM302A4,dop-3,0
RA00127_100121,CAM302A5,dop-3,0
RA00127_100121,CAM302A6,dop-3,0
RA00127_100121,CAM307A1,dop-3,0
RA00127_100121,CAM307A2,dop-3,0
RA00127_100121,CAM307A3,dop-3,0
RA00127_100121,CAM307A4,dop-3,0
RA00127_100121,CAM307A5,dop-3,0
RA00127_100121,CAM307A6,dop-3,0
RA00127_100121,CAM516A1,dop-3,0
RA00127_100121,CAM516A2,dop-3,0
RA00127_100121,CAM516A3,dop-3,0
RA00127_100121,CAM516A4,dop-3,0
RA00127_100121,CAM516A5,dop-3,0
RA00129_210121,CAM036A1,dop-2,0
RA00129_210121,CAM036A2,dop-2,0
RA00129_210121,CAM036A3,dop-2,0
RA00129_210121,CAM036A5,dop-2,0
RA00129_210121,CAM036A6,dop-2,0
RA00129_210121,CAM304A1,dop-2,0
RA00129_210121,CAM304A3,dop-2,0
RA00129_210121,CAM304A4,dop-2,0
RA00129_210121,CAM304A5,dop-2,0
RA00129_210121,CAM304A6,dop-2,0
RA00129_210121,CAM306A1,dop-2,0
RA00129_210121,CAM306A2,dop-2,0
RA00129_210121,CAM306A4,dop-2,0
RA00129_210121,CAM306A5,dop-2,0
RA00129_210121,CAM306A6,dop-2,0
RA00129_210121,CAM308A1,dop-2,0
RA00129_210121,CAM308A3,dop-2,0
RA00129_210121,CAM308A4,dop-2,0
RA00129_210121,CAM308A5,dop-2,0
RA00129_210121,CAM308A6,dop-2,0
RA00129_210121,CAM309A3,dop-2,0
RA00129_210121,CAM309A4,dop-2,0
RA00129_210121,CAM309A5,dop-2,0
RA00129_210121,CAM309A6,dop-2,0
RA00129_210121,CAM537A1,dop-2,0
RA00129_210121,CAM537A2,dop-2,0
RA00129_210121,CAM537A3,dop-2,0
RA00129_210121,CAM537A5,dop-2,0
RA00129_210121,CAM537A6,dop-2,0
RA00130_170121,CAM034A1,dop-2,3
RA00130_170121,CAM034A2,dop-2,3
RA00130_170121,CAM034A3,dop-2,3
RA00130_170121,CAM034A4,dop-2,3
RA00130_170121,CAM034A5,dop-2,3
RA00130_170121,CAM034A6,dop-2,3
RA00130_170121,CAM035A1,dop-2,3
RA00130_170121,CAM035A3,dop-2,3
RA00130_170121,CAM035A4,dop-2,3
RA00130_170121,CAM035A5,dop-2,3
RA00130_170121,CAM035A6,dop-2,3
RA00130_170121,CAM037A1,dop-2,3
RA00130_170121,CAM037A2,dop-2,3
RA00130_170121,CAM037A3,dop-2,3
RA00130_170121,CAM037A4,dop-2,3
RA00130_170121,CAM037A5,dop-2,3
RA00130_170121,CAM037A6,dop-2,3
RA00130_170121,CAM302A2,dop-2,3
RA00130_170121,CAM302A3,dop-2,3
RA00130_170121,CAM302A4,dop-2,3
RA00130_170121,CAM302A5,dop-2,3
RA00130_170121,CAM302A6,dop-2,3
RA00130_170121,CAM307A1,dop-2,3
RA00130_170121,CAM307A4,dop-2,3
RA00130_170121,CAM307A5,dop-2,3
RA00130_170121,CAM516A1,dop-2,3
RA00130_170121,CAM516A2,dop-2,3
RA00130_170121,CAM516A3,dop-2,3
RA00130_170121,CAM516A5,dop-2,3
RA00130_170121,CAM516A6,dop-2,3
RA00131_310121,CAM034A1,dop-1,0
RA00131_310121,CAM034A4,dop-1,0
RA00131_310121,CAM034A5,dop-1,0
RA00131_310121,CAM035A1,dop-1,0
RA00131_310121,CAM035A4,dop-1,0
RA00131_310121,CAM035A5,dop-1,0
RA00131_310121,CAM037A1,dop-1,0
RA00131_310121,CAM302A1,dop-1,0
RA00131_310121,CAM302A5,dop-1,0
RA00131_310121,CAM302A6,dop-1,0
RA00131_310121,CAM307A1,dop-1,0
RA00131_310121,CAM307A2,dop-1,0
RA00131_310121,CAM307A3,dop-1,0
RA00131_310121,CAM516A1,dop-1,0
RA00131_310121,CAM516A2,dop-1,0
RA00131_310121,CAM516A3,dop-1,0
RA00131_310121,CAM516A5,dop-1,0
RA00131_310121,CAM516A6,dop-1,0
RA00132_110221,CAM034A1,dop-1,0
RA00132_110221,CAM034A2,dop-1,0
RA00132_110221,CAM034A3,dop-1,0
RA00132_110221,CAM034A4,dop-1,0
RA00132_110221,CAM034A5,dop-1,0
RA00132_110221,CAM034A6,dop-1,0
RA00132_110221,CAM035A1,dop-1,0
RA00132_110221,CAM035A2,dop-1,0
RA00132_110221,CAM035A3,dop-1,0
RA00132_110221,CAM035A4,dop-1,0
RA00132_110221,CAM035A6,dop-1,0
RA00132_110221,CAM037A1,dop-1,0
RA00132_110221,CAM037A2,dop-1,0
RA00132_110221,CAM037A3,dop-1,0
RA00132_110221,CAM037A4,dop-1,0
RA00132_110221,CAM037A5,dop-1,0
RA00132_110221,CAM037A6,dop-1,0
RA00132_110221,CAM302A1,dop-1,0
RA00132_110221,CAM302A2,dop-1,0
RA00132_110221,CAM302A3,dop-1,0
RA00132_110221,CAM302A4,dop-1,0
RA00132_110221,CAM302A5,dop-1,0
RA00132_110221,CAM302A6,dop-1,0
RA00132_110221,CAM307A1,dop-1,0
RA00132_110221,CAM307A4,dop-1,0
RA00132_110221,CAM307A5,dop-1,0
RA00132_110221,CAM307A6,dop-1,0
RA00132_110221,CAM516A1,dop-1,0
RA00132_110221,CAM516A4,dop-1,0
RA00132_110221,CAM516A5,dop-1,0
RA00132_110221,CAM516A6,dop-1,0
RA00133_100121,CAM036A1,dop-3,0
RA00133_100121,CAM036A2,dop-3,0
RA00133_100121,CAM036A3,dop-3,0
RA00133_100121,CAM036A4,dop-3,0
RA00133_100121,CAM036A5,dop-3,0
RA00133_100121,CAM036A6,dop-3,0
RA00133_100121,CAM304A1,dop-3,0
RA00133_100121,CAM304A2,dop-3,0
RA00133_100121,CAM304A3,dop-3,0
RA00133_100121,CAM304A4,dop-3,0
RA00133_100121,CAM304A5,dop-3,0
RA00133_100121,CAM306A1,dop-3,0
RA00133_100121,CAM306A4,dop-3,0
RA00133_100121,CAM308A1,dop-3,0
RA00133_100121,CAM308A2,dop-3,0
RA00133_100121,CAM308A3,dop-3,0
RA00133_100121,CAM308A4,dop-3,0
RA00133_100121,CAM309A1,dop-3,0
RA00133_100121,CAM309A2,dop-3,0
RA00133_100121,CAM309A3,dop-3,0
RA00133_100121,CAM309A4,dop-3,0
RA00133_100121,CAM309A5,dop-3,0
RA00133_100121,CAM309A6,dop-3,0
RA00133_100121,CAM537A1,dop-3,0
RA00133_100121,CAM537A3,dop-3,0
RA00133_100121,CAM537A4,dop-3,0
RA00133_100121,CAM537A5,dop-3,0
RA00133_100121,CAM537A6,dop-3,0
RA00134_210221,CAM034A4,dop-3,3
RA00134_210221,CAM034A5,dop-3,3
RA00134_210221,CAM034A6,dop-3,3
RA00134_210221,CAM035A1,dop-3,3
RA00134_210221,CAM035A2,dop-3,3
RA00134_210221,CAM035A3,dop-3,3
RA00134_210221,CAM035A4,dop-3,3
RA00134_210221,CAM035A5,dop-3,3
RA00134_210221,CAM035A6,dop-3,3
RA00134_210221,CAM037A1,dop-3,3
RA00134_210221,CAM037A2,dop-3,3
RA00134_210221,CAM037A3,dop-3,3
RA00134_210221,CAM037A4,dop-3,3
RA00134_210221,CAM037A5,dop-3,3
RA00134_210221,CAM037A6,dop-3,3
RA00134_210221,CAM302A1,dop-3,3
RA00134_210221,CAM302A2,dop-3,3
RA00134_210221,CAM302A5,dop-3,3
RA00134_210221,CAM307A1,dop-3,3
RA00134_210221,CAM307A2,dop-3,3
RA00134_210221,CAM307A3,dop-3,3
RA00134_210221,CAM516A1,dop-3,3
RA00134_210221,CAM516A2,dop-3,3
RA00134_210221,CAM516A5,dop-3,3
RA00136_240121,CAM034A1,dop-2,3
RA00136_240121,CAM034A2,dop-2,3
RA00136_240121,CAM034A3,dop-2,3
RA00136_240121,CAM034A5,dop-2,3
RA00136_240121,CAM035A1,dop-2,3
RA00136_240121,CAM035A2,dop-2,3
RA00136_240121,CAM035A4,dop-2,3
RA00136_240121,CAM035A5,dop-2,3
RA00136_240121,CAM035A6,dop-2,3
RA00136_240121,CAM037A2,dop-2,3
RA00136_240121,CAM037A3,dop-2,3
RA00136_240121,CAM037A4,dop-2,3
RA00136_240121,CAM037A5,dop-2,3
RA00136_240121,CAM302A3,dop-2,3
RA00136_240121,CAM302A4,dop-2,3
RA00136_240121,CAM302A6,dop-2,3
RA00136_240121,CAM307A1,dop-2,3
RA00136_240121,CAM307A3,dop-2,3
RA00136_240121,CAM307A4,dop-2,3
RA00136_240121,CAM307A6,dop-2,3
RA00136_240121,CAM516A3,dop-2,3
RA00136_240121,CAM516A4,dop-2,3
RA00136_240121,CAM516A5,dop-2,3
RA00136_240121,CAM516A6,dop-2,3
RA00138_280221,CAM034A1,dop-3,3
RA00138_280221,CAM034A4,dop-3,3
RA00138_280221,CAM034A5,dop-3,3
RA00138_280221,CAM035A1,dop-3,3
RA00138_280221,CAM035A2,dop-3,3
RA00138_280221,CAM035A6,dop-3,3
RA00138_280221,CAM037A1,dop-3,3
RA00138_280221,CAM037A2,dop-3,3
RA00138_280221,CAM037A5,dop-3,3
RA00138_280221,CAM302A3,dop-3,3
RA00138_280221,CAM302A5,dop-3,3
RA00138_280221,CAM302A6,dop-3,3
RA00138_280221,CAM516A1,dop-3,3
RA00138_280221,CAM516A2,dop-3,3
RA00138_280221,CAM516A4,dop-3,3
RA00138_280221,CAM516A5,dop-3,3
RA00143_250321,CAM034A1,dop-1,0
RA00143_250321,CAM034A2,dop-1,0
RA00143_250321,CAM034A3,dop-1,0
RA00143_250321,CAM035A2,dop-1,0
RA00143_250321,CAM035A3,dop-1,0
RA00143_250321,CAM037A1,dop-1,0
RA00143_250321,CAM037A2,dop-1,0
RA00143_250321,CAM037A3,dop-1,0
RA00143_250321,CAM037A4,dop-1,0
RA00143_250321,CAM037A5,dop-1,0
RA00143_250321,CAM037A6,dop-1,0
RA00143_250321,CAM302A1,dop-1,0
RA00143_250321,CAM302A2,dop-1,0
RA00143_250321,CAM302A3,dop-1,0
RA00143_250321,CAM302A5,dop-1,0
RA00143_250321,CAM302A6,dop-1,0
RA00143_250321,CAM307A1,dop-1,0
RA00143_250321,CAM307A2,dop-1,0
RA00143_250321,CAM307A4,dop-1,0
RA00143_250321,CAM307A6,dop-1,0
RA00143_250321,CAM516A1,dop-1,0
RA00143_250321,CAM516A2,dop-1,0
RA00143_250321,CAM516A5,dop-1,0
RA00143_250321,CAM516A6,dop-1,0
RA00144_250321,CAM036A1,dop-2,0
RA00144_250321,CAM036A2,dop-2,0
RA00144_250321,CAM036A3,dop-2,0
RA00144_250321,CAM036A4,dop-2,0
RA00144_250321,CAM304A1,dop-2,0
RA00144_250321,CAM304A2,dop-2,0
RA00144_250321,CAM304A4,dop-2,0
RA00144_250321,CAM304A5,dop-2,0
RA00144_250321,CAM304A6,dop-2,0
RA00144_250321,CAM306A1,dop-2,0
RA00144_250321,CAM306A2,dop-2,0
RA00144_250321,CAM306A3,dop-2,0
RA00144_250321,CAM306A5,dop-2,0
RA00144_250321,CAM306A6,dop-2,0
RA00144_250321,CAM308A1,dop-2,0
RA00144_250321,CAM308A2,dop-2,0
RA00144_250321,CAM308A3,dop-2,0
RA00144_250321,CAM308A6,dop-2,0
RA00144_250321,CAM309A4,dop-2,0
RA00144_250321,CAM309A5,dop-2,0
RA00144_250321,CAM309A6,dop-2,0
RA00144_250321,CAM537A1,dop-2,0
RA00144_250321,CAM537A4,dop-2,0
RA00144_250321,CAM537A5,dop-2,0
RA00146_010421,CAM034A1,dop-3,0
RA00146_010421,CAM034A6,dop-3,0
RA00146_010421,CAM035A1,dop-3,0
RA00146_010421,CAM035A3,dop-3,0
RA00146_010421,CAM035A5,dop-3,0
RA00146_010421,CAM037A1,dop-3,0
RA00146_010421,CAM037A2,dop-3,0
RA00146_010421,CAM037A3,dop-3,0
RA00146_010421,CAM037A5,dop-3,0
RA00146_010421,CAM302A2,dop-3,0
RA00146_010421,CAM302A3,dop-3,0
RA00146_010421,CAM302A4,dop-3,0
RA00146_010421,CAM302A5,dop-3,0
RA00146_010421,CAM302A6,dop-3,0
RA00146_010421,CAM307A1,dop-3,0
RA00146_010421,CAM307A2,dop-3,0
RA00146_010421,CAM307A3,dop-3,0
RA00146_010421,CAM307A5,dop-3,0
RA00146_010421,CAM516A1,dop-3,0
RA00146_010421,CAM516A2,dop-3,0
RA00146_010421,CAM516A4,dop-3,0
RA00146_010421,CAM516A5,dop-3,0
RA00147_040421,CAM034A1,dop-3,3
RA00147_040421,CAM034A2,dop-3,3
RA00147_040421,CAM034A4,dop-3,3
RA00147_040421,CAM034A6,dop-3,3
RA00147_040421,CAM035A2,dop-3,3
RA00147_040421,CAM037A2,dop-3,3
RA00147_040421,CAM037A5,dop-3,3
RA00147_040421,CAM037A6,dop-3,3
RA00147_040421,CAM302A3,dop-3,3
RA00147_040421,CAM302A4,dop-3,3
RA00147_040421,CAM302A5,dop-3,3
RA00147_040421,CAM302A6,dop-3,3
RA00147_040421,CAM307A1,dop-3,3
RA00147_040421,CAM307A2,dop-3,3
RA00147_040421,CAM307A3,dop-3,3
RA00147_040421,CAM307A4,dop-3,3
RA00147_040421,CAM307A5,dop-3,3
RA00147_040421,CAM307A6,dop-3,3
RA00147_040421,CAM516A1,dop-3,3
RA00147_040421,CAM516A2,dop-3,3
RA00147_040421,CAM516A3,dop-3,3
RA00147_040421,CAM516A4,dop-3,3
RA00147_040421,CAM516A5,dop-3,3
RA00147_040421,CAM516A6,dop-3,3
RA00150_080421,CAM036A1,cat-2,4
RA00150_080421,CAM036A2,cat-2,4
RA00150_080421,CAM036A3,cat-2,4
RA00150_080421,CAM036A4,cat-2,4
RA00150_080421,CAM036A5,cat-2,4
RA00150_080421,CAM036A6,cat-2,4
RA00150_080421,CAM304A1,cat-2,4
RA00150_080421,CAM304A3,cat-2,4
RA00150_080421,CAM304A4,cat-2,4
RA00150_080421,CAM304A5,cat-2,4
RA00150_080421,CAM306A1,cat-2,4
RA00150_080421,CAM306A2,cat-2,4
RA00150_080421,CAM306A3,cat-2,4
RA00150_080421,CAM306A4,cat-2,4
RA00150_080421,CAM306A5,cat-2,4
RA00150_080421,CAM306A6,cat-2,4
RA00150_080421,CAM308A1,cat-2,4
RA00150_080421,CAM308A2,cat-2,4
RA00150_080421,CAM308A3,cat-2,4
RA00150_080421,CAM308A4,cat-2,4
RA00150_080421,CAM308A5,cat-2,4
RA00150_080421,CAM308A6,cat-2,4
RA00150_080421,CAM309A1,cat-2,4
RA00150_080421,CAM309A2,cat-2,4
RA00150_080421,CAM309A3,cat-2,4
RA00150_080421,CAM309A4,cat-2,4
RA00150_080421,CAM309A5,cat-2,4
RA00150_080421,CAM309A6,cat-2,4
RA00150_080421,CAM537A1,cat-2,4
RA00150_080421,CAM537A2,cat-2,4
RA00150_080421,CAM537A3,cat-2,4
RA00150_080421,CAM537A4,cat-2,4
RA00150_080421,CAM537A5,cat-2,4
RA00150_080421,CAM537A6,cat-2,4
RA00151_140421,CAM036A1,dop-2,3
RA00151_140421,CAM036A2,dop-2,3
RA00151_140421,CAM036A3,dop-2,3
RA00151_140421,CAM036A4,dop-2,3
RA00151_140421,CAM036A6,dop-2,3
RA00151_140421,CAM304A2,dop-2,3
RA00151_140421,CAM304A3,dop-2,3
RA00151_140421,CAM304A4,dop-2,3
RA00151_140421,CAM304A6,dop-2,3
RA00151_140421,CAM306A1,dop-2,3
RA00151_140421,CAM306A3,dop-2,3
RA00151_140421,CAM306A4,dop-2,3
RA00151_140421,CAM306A5,dop-2,3
RA00151_140421,CAM306A6,dop-2,3
RA00151_140421,CAM308A1,dop-2,3
RA00151_140421,CAM308A2,dop-2,3
RA00151_140421,CAM308A4,dop-2,3
RA00151_140421,CAM308A6,dop-2,3
RA00151_140421,CAM309A1,dop-2,3
RA00151_140421,CAM309A2,dop-2,3
RA00151_140421,CAM309A3,dop-2,3
RA00151_140421,CAM309A4,dop-2,3
RA00151_140421,CAM309A5,dop-2,3
RA00151_140421,CAM309A6,dop-2,3
RA00151_140421,CAM537A1,dop-2,3
RA00151_140421,CAM537A2,dop-2,3
RA00151_140421,CAM537A3,dop-2,3
RA00151_140421,CAM537A4,dop-2,3
RA00151_140421,CAM537A5,dop-2,3
RA00151_140421,CAM537A6,dop-2,3
RA00153_150421,CAM034A1,cat-2,1
RA00153_150421,CAM034A2,cat-2,1
RA00153_150421,CAM034A3,cat-2,1
RA00153_150421,CAM034A4,cat-2,1
RA00153_150421,CAM034A6,cat-2,1
RA00153_150421,CAM035A1,cat-2,1
RA00153_150421,CAM035A2,cat-2,1
RA00153_150421,CAM035A3,cat-2,1
RA00153_150421,CAM035A4,cat-2,1
RA00153_150421,CAM035A5,cat-2,1
RA00153_150421,CAM035A6,cat-2,1
RA00153_150421,CAM037A1,cat-2,1
RA00153_150421,CAM037A2,cat-2,1
RA00153_150421,CAM037A3,cat-2,1
RA00153_150421,CAM037A4,cat-2,1
RA00153_150421,CAM037A5,cat-2,1
RA00153_150421,CAM302A1,cat-2,1
RA00153_150421,CAM302A2,cat-2,1
RA00153_150421,CAM302A3,cat-2,1
RA00153_150421,CAM302A4,cat-2,1
RA00153_150421,CAM302A5,cat-2,1
RA00153_150421,CAM302A6,cat-2,1
RA00153_150421,CAM307A1,cat-2,1
RA00153_150421,CAM307A2,cat-2,1
RA00153_150421,CAM307A4,cat-2,1
RA00153_150421,CAM307A5,cat-2,1
RA00153_150421,CAM307A6,cat-2,1
RA00153_150421,CAM516A1,cat-2,1
RA00153_150421,CAM516A2,cat-2,1
RA00153_150421,CAM516A3,cat-2,1
RA00153_150421,CAM516A4,cat-2,1
RA00153_150421,CAM516A6,cat-2,1
RA00154_140421,CAM040A1,dop-3,3
RA00154_140421,CAM040A2,dop-3,3
RA00154_140421,CAM040A5,dop-3,3
RA00154_140421,CAM040A6,dop-3,3
RA00154_140421,CAM787A1,dop-3,3
RA00154_140421,CAM787A2,dop-3,3
RA00154_140421,CAM787A3,dop-3,3
RA00154_140421,CAM787A4,dop-3,3
RA00154_140421,CAM787A5,dop-3,3
RA00154_140421,CAM788A1,dop-3,3
RA00154_140421,CAM788A2,dop-3,3
RA00154_140421,CAM788A3,dop-3,3
RA00154_140421,CAM788A4,dop-3,3
RA00154_140421,CAM788A5,dop-3,3
RA00154_140421,CAM788A6,dop-3,3
RA00154_140421,CAM791A1,dop-3,3
RA00154_140421,CAM791A3,dop-3,3
RA00154_140421,CAM791A4,dop-3,3
RA00154_140421,CAM791A5,dop-3,3
RA00154_140421,CAM791A6,dop-3,3
RA00154_140421,CAM795A1,dop-3,3
RA00154_140421,CAM795A2,dop-3,3
RA00154_140421,CAM795A3,dop-3,3
RA00154_140421,CAM795A4,dop-3,3
RA00154_140421,CAM795A5,dop-3,3
RA00154_140421,CAM795A6,dop-3,3
RA00154_140421,CAM796A2,dop-3,3
RA00154_140421,CAM796A3,dop-3,3
RA00154_140421,CAM796A4,dop-3,3
RA00154_140421,CAM796A5,dop-3,3
RA00154_140421,CAM796A6,dop-3,3
RA00155_180421,CAM036A2,dop-1,3
RA00155_180421,CAM036A3,dop-1,3
RA00155_180421,CAM036A4,dop-1,3
RA00155_180421,CAM036A5,dop-1,3
RA00155_180421,CAM036A6,dop-1,3
RA00155_180421,CAM304A1,dop-1,3
RA00155_180421,CAM304A2,dop-1,3
RA00155_180421,CAM304A4,dop-1,3
RA00155_180421,CAM304A5,dop-1,3
RA00155_180421,CAM304A6,dop-1,3
RA00155_180421,CAM306A1,dop-1,3
RA00155_180421,CAM306A2,dop-1,3
RA00155_180421,CAM306A3,dop-1,3
RA00155_180421,CAM306A4,dop-1,3
RA00155_180421,CAM306A5,dop-1,3
RA00155_180421,CAM306A6,dop-1,3
RA00155_180421,CAM308A1,dop-1,3
RA00155_180421,CAM308A2,dop-1,3
RA00155_180421,CAM308A3,dop-1,3
RA00155_180421,CAM308A4,dop-1,3
RA00155_180421,CAM308A5,dop-1,3
RA00155_180421,CAM309A3,dop-1,3
RA00155_180421,CAM537A1,dop-1,3
RA00155_180421,CAM537A2,dop-1,3
RA00155_180421,CAM537A4,dop-1,3
RA00156_180421,CAM034A2,cat-2,4
RA00156_180421,CAM034A3,cat-2,4
RA00156_180421,CAM034A4,cat-2,4
RA00156_180421,CAM035A1,cat-2,4
RA00156_180421,CAM035A2,cat-2,4
RA00156_180421,CAM035A5,cat-2,4
RA00156_180421,CAM035A6,cat-2,4
RA00156_180421,CAM037A2,cat-2,4
RA00156_180421,CAM037A3,cat-2,4
RA00156_180421,CAM037A4,cat-2,4
RA00156_180421,CAM037A5,cat-2,4
RA00156_180421,CAM037A6,cat-2,4
RA00156_180421,CAM302A2,cat-2,4
RA00156_180421,CAM302A3,cat-2,4
RA00156_180421,CAM302A4,cat-2,4
RA00156_180421,CAM307A1,cat-2,4
RA00156_180421,CAM307A2,cat-2,4
RA00156_180421,CAM307A3,cat-2,4
RA00156_180421,CAM307A4,cat-2,4
RA00156_180421,CAM516A1,cat-2,4
RA00156_180421,CAM516A4,cat-2,4
RA00156_180421,CAM516A5,cat-2,4
RA00158_290421,CAM036A1,dop-2,0
RA00158_290421,CAM036A2,dop-2,0
RA00158_290421,CAM036A3,dop-2,0
RA00158_290421,CAM036A4,dop-2,0
RA00158_290421,CAM036A5,dop-2,0
RA00158_290421,CAM036A6,dop-2,0
RA00158_290421,CAM304A2,dop-2,0
RA00158_290421,CAM304A3,dop-2,0
RA00158_290421,CAM304A4,dop-2,0
RA00158_290421,CAM304A5,dop-2,0
RA00158_290421,CAM304A6,dop-2,0
RA00158_290421,CAM306A1,dop-2,0
RA00158_290421,CAM306A2,dop-2,0
RA00158_290421,CAM306A3,dop-2,0
RA00158_290421,CAM306A4,dop-2,0
RA00158_290421,CAM306A5,dop-2,0
RA00158_290421,CAM306A6,dop-2,0
RA00158_290421,CAM308A1,dop-2,0
RA00158_290421,CAM308A2,dop-2,0
RA00158_290421,CAM308A4,dop-2,0
RA00158_290421,CAM308A5,dop-2,0
RA00158_290421,CAM308A6,dop-2,0
RA00158_290421,CAM309A1,dop-2,0
RA00158_290421,CAM309A3,dop-2,0
RA00158_290421,CAM309A4,dop-2,0
RA00158_290421,CAM309A5,dop-2,0
RA00158_290421,CAM309A6,dop-2,0
RA00158_290421,CAM537A1,dop-2,0
RA00158_290421,CAM537A2,dop-2,0
RA00158_290421,CAM537A3,dop-2,0
RA00158_290421,CAM537A4,dop-2,0
RA00158_290421,CAM537A5,dop-2,0
RA00158_290421,CAM537A6,dop-2,0
RA00159_020521,CAM034A1,dop-2,3
RA00159_020521,CAM034A2,dop-2,3
RA00159_020521,CAM034A3,dop-2,3
RA00159_020521,CAM034A4,dop-2,3
RA00159_020521,CAM034A6,dop-2,3
RA00159_020521,CAM035A1,dop-2,3
RA00159_020521,CAM035A2,dop-2,3
RA00159_020521,CAM035A4,dop-2,3
RA00159_020521,CAM035A5,dop-2,3
RA00159_020521,CAM035A6,dop-2,3
RA00159_020521,CAM037A1,dop-2,3
RA00159_020521,CAM037A2,dop-2,3
RA00159_020521,CAM037A3,dop-2,3
RA00159_020521,CAM037A4,dop-2,3
RA00159_020521,CAM037A5,dop-2,3
RA00159_020521,CAM037A6,dop-2,3
RA00159_020521,CAM302A1,dop-2,3
RA00159_020521,CAM302A2,dop-2,3
RA00159_020521,CAM302A3,dop-2,3
RA00159_020521,CAM302A4,dop-2,3
RA00159_020521,CAM302A5,dop-2,3
RA00159_020521,CAM302A6,dop-2,3
RA00159_020521,CAM307A1,dop-2,3
RA00159_020521,CAM307A2,dop-2,3
RA00159_020521,CAM307A3,dop-2,3
RA00159_020521,CAM307A5,dop-2,3
RA00159_020521,CAM516A1,dop-2,3
RA00159_020521,CAM516A2,dop-2,3
RA00159_020521,CAM516A4,dop-2,3
RA00161_250421,CAM036A1,N2,0
RA00161_250421,CAM036A2,N2,0
RA00161_250421,CAM036A3,N2,0
RA00161_250421,CAM036A4,N2,0
RA00161_250421,CAM036A5,N2,0
RA00161_250421,CAM304A1,N2,0
RA00161_250421,CAM304A2,N2,0
RA00161_250421,CAM304A3,N2,0
RA00161_250421,CAM304A4,N2,0
RA00161_250421,CAM304A5,N2,0
RA00161_250421,CAM304A6,N2,0
RA00161_250421,CAM306A1,N2,0
RA00161_250421,CAM306A2,N2,0
RA00161_250421,CAM306A3,N2,0
RA00161_250421,CAM306A6,N2,0
RA00161_250421,CAM308A2,N2,0
RA00161_250421,CAM308A4,N2,0
RA00161_250421,CAM308A5,N2,0
RA00161_250421,CAM309A2,N2,0
RA00161_250421,CAM309A3,N2,0
RA00161_250421,CAM309A4,N2,0
RA00161_250421,CAM309A5,N2,0
RA00161_250421,CAM537A1,N2,0
RA00161_250421,CAM537A2,N2,0
RA00161_250421,CAM537A3,N2,0
RA00161_250421,CAM537A5,N2,0
RA00161_250421,CAM537A6,N2,0
RA00162_090521,CAM034A1,dop-1,3
RA00162_090521,CAM034A2,dop-1,3
RA00162_090521,CAM034A3,dop-1,3
RA00162_090521,CAM034A4,dop-1,3
RA00162_090521,CAM034A5,dop-1,3
RA00162_090521,CAM034A6,dop-1,3
RA00162_090521,CAM035A1,dop-1,3
RA00162_090521,CAM035A2,dop-1,3
RA00162_090521,CAM035A4,dop-1,3
RA00162_090521,CAM035A5,dop-1,3
RA00162_090521,CAM037A1,dop-1,3
RA00162_090521,CAM037A4,dop-1,3
RA00162_090521,CAM037A5,dop-1,3
RA00162_090521,CAM037A6,dop-1,3
RA00162_090521,CAM302A1,dop-1,3
RA00162_090521,CAM302A2,dop-1,3
RA00162_090521,CAM302A4,dop-1,3
RA00162_090521,CAM302A5,dop-1,3
RA00162_090521,CAM307A2,dop-1,3
RA00162_090521,CAM307A3,dop-1,3
RA00162_090521,CAM307A6,dop-1,3
RA00162_090521,CAM516A1,dop-1,3
RA00162_090521,CAM516A3,dop-1,3
RA00162_090521,CAM516A4,dop-1,3
RA00162_090521,CAM516A6,dop-1,3
RA00163_050521,CAM036A1,dop-2,3
RA00163_050521,CAM036A2,dop-2,3
RA00163_050521,CAM036A3,dop-2,3
RA00163_050521,CAM036A4,dop-2,3
RA00163_050521,CAM036A5,dop-2,3
RA00163_050521,CAM036A6,dop-2,3
RA00163_050521,CAM304A1,dop-2,3
RA00163_050521,CAM304A2,dop-2,3
RA00163_050521,CAM304A3,dop-2,3
RA00163_050521,CAM304A4,dop-2,3
RA00163_050521,CAM304A5,dop-2,3
RA00163_050521,CAM306A2,dop-2,3
RA00163_050521,CAM306A3,dop-2,3
RA00163_050521,CAM306A4,dop-2,3
RA00163_050521,CAM306A5,dop-2,3
RA00163_050521,CAM306A6,dop-2,3
RA00163_050521,CAM308A1,dop-2,3
RA00163_050521,CAM308A2,dop-2,3
RA00163_050521,CAM308A3,dop-2,3
RA00163_050521,CAM308A4,dop-2,3
RA00163_050521,CAM308A5,dop-2,3
RA00163_050521,CAM308A6,dop-2,3
RA00163_050521,CAM309A1,dop-2,3
RA00163_050521,CAM309A3,dop-2,3
RA00163_050521,CAM309A4,dop-2,3
RA00163_050521,CAM309A6,dop-2,3
RA00163_050521,CAM537A1,dop-2,3
RA00163_050521,CAM537A2,dop-2,3
RA00163_050521,CAM537A3,dop-2,3
RA00163_050521,CAM537A4,dop-2,3
RA00163_050521,CAM537A5,dop-2,3
RA00163_050521,CAM537A6,dop-2,3
RA00165_260521,CAM040A1,dop-1,3
RA00165_260521,CAM040A2,dop-1,3
RA00165_260521,CAM040A4,dop-1,3
RA00165_260521,CAM040A6,dop-1,3
RA00165_260521,CAM787A4,dop-1,3
RA00165_260521,CAM787A5,dop-1,3
RA00165_260521,CAM787A6,dop-1,3
RA00165_260521,CAM791A2,dop-1,3
RA00165_260521,CAM791A4,dop-1,3
RA00165_260521,CAM791A5,dop-1,3
RA00165_260521,CAM791A6,dop-1,3
RA00165_260521,CAM795A1,dop-1,3
RA00165_260521,CAM795A3,dop-1,3
RA00165_260521,CAM795A5,dop-1,3
RA00165_260521,CAM795A6,dop-1,3
RA00165_260521,CAM796A4,dop-1,3
RA00165_260521,CAM796A6,dop-1,3
RA00167_270621,CAM034A1,cat-2,4
RA00167_270621,CAM034A2,cat-2,4
RA00167_270621,CAM034A3,cat-2,4
RA00167_270621,CAM034A4,cat-2,4
RA00167_270621,CAM034A5,cat-2,4
RA00167_270621,CAM034A6,cat-2,4
RA00167_270621,CAM035A1,cat-2,4
RA00167_270621,CAM035A3,cat-2,4
RA00167_270621,CAM035A5,cat-2,4
RA00167_270621,CAM035A6,cat-2,4
RA00167_270621,CAM037A1,cat-2,4
RA00167_270621,CAM037A2,cat-2,4
RA00167_270621,CAM037A3,cat-2,4
RA00167_270621,CAM037A6,cat-2,4
RA00167_270621,CAM302A1,cat-2,4
RA00167_270621,CAM302A2,cat-2,4
RA00167_270621,CAM302A5,cat-2,4
RA00167_270621,CAM302A6,cat-2,4
RA00167_270621,CAM307A1,cat-2,4
RA00167_270621,CAM307A2,cat-2,4
RA00167_270621,CAM307A3,cat-2,4
RA00167_270621,CAM307A4,cat-2,4
RA00167_270621,CAM307A5,cat-2,4
RA00167_270621,CAM307A6,cat-2,4
RA00167_270621,CAM516A1,cat-2,4
RA00167_270621,CAM516A2,cat-2,4
RA00167_270621,CAM516A3,cat-2,4
RA00167_270621,CAM516A4,cat-2,4
RA00167_270621,CAM516A6,cat-2,4
RA00168_140721,CAM034A1,dop-1,3
RA00168_140721,CAM034A2,dop-1,3
RA00168_140721,CAM034A3,dop-1,3
RA00168_140721,CAM034A4,dop-1,3
RA00168_140721,CAM034A5,dop-1,3
RA00168_140721,CAM034A6,dop-1,3
RA00168_140721,CAM035A1,dop-1,3
RA00168_140721,CAM035A2,dop-1,3
RA00168_140721,CAM035A3,dop-1,3
RA00168_140721,CAM035A4,dop-1,3
RA00168_140721,CAM035A5,dop-1,3
RA00168_140721,CAM035A6,dop-1,3
RA00168_140721,CAM037A1,dop-1,3
RA00168_140721,CAM037A2,dop-1,3
RA00168_140721,CAM037A3,dop-1,3
RA00168_140721,CAM037A5,dop-1,3
RA00168_140721,CAM037A6,dop-1,3
RA00168_140721,CAM302A1,dop-1,3
RA00168_140721,CAM302A2,dop-1,3
RA00168_140721,CAM302A3,dop-1,3
RA00168_140721,CAM302A4,dop-1,3
RA00168_140721,CAM302A5,dop-1,3
RA00168_140721,CAM307A1,dop-1,3
RA00168_140721,CAM307A2,dop-1,3
RA00168_140721,CAM307A3,dop-1,3
RA00168_140721,CAM307A4,dop-1,3
RA00168_140721,CAM307A5,dop-1,3
RA00168_140721,CAM307A6,dop-1,3
RA00168_140721,CAM516A1,dop-1,3
RA00168_140721,CAM516A2,dop-1,3
RA00168_140721,CAM516A3,dop-1,3
RA00168_140721,CAM516A4,dop-1,3
RA00168_140721,CAM516A5,dop-1,3
RA00168_140721,CAM516A6,dop-1,3
RA00169_140721,CAM228A1,dop-1,3
RA00169_140721,CAM228A4,dop-1,3
RA00169_140721,CAM228A5,dop-1,3
RA00169_140721,CAM229A1,dop-1,3
RA00169_140721,CAM229A2,dop-1,3
RA00169_140721,CAM229A3,dop-1,3
RA00169_140721,CAM229A4,dop-1,3
RA00169_140721,CAM229A5,dop-1,3
RA00169_140721,CAM229A6,dop-1,3
RA00169_140721,CAM231A1,dop-1,3
RA00169_140721,CAM231A2,dop-1,3
RA00169_140721,CAM231A3,dop-1,3
RA00169_140721,CAM231A4,dop-1,3
RA00169_140721,CAM231A5,dop-1,3
RA00169_140721,CAM231A6,dop-1,3
RA00169_140721,CAM236A1,dop-1,3
RA00169_140721,CAM236A2,dop-1,3
RA00169_140721,CAM236A3,dop-1,3
RA00169_140721,CAM236A4,dop-1,3
RA00169_140721,CAM236A5,dop-1,3
RA00169_140721,CAM236A6,dop-1,3
RA00169_140721,CAM241A1,dop-1,3
RA00169_140721,CAM241A2,dop-1,3
RA00169_140721,CAM241A3,dop-1,3
RA00169_140721,CAM241A4,dop-1,3
RA00169_140721,CAM241A5,dop-1,3
RA00169_140721,CAM241A6,dop-1,3
RA00169_140721,CAM245A1,dop-1,3
RA00169_140721,CAM245A2,dop-1,3
RA00169_140721,CAM245A3,dop-1,3
RA00169_140721,CAM245A4,dop-1,3
RA00169_140721,CAM245A5,dop-1,3
RA00169_140721,CAM245A6,dop-1,3
RA00171_220721,CAM034A1,cat-2,1
RA00171_220721,CAM034A2,cat-2,1
RA00171_220721,CAM034A4,cat-2,1
RA00171_220721,CAM034A5,cat-2,1
RA00171_220721,CAM034A6,cat-2,1
RA00171_220721,CAM035A1,cat-2,1
RA00171_220721,CAM035A3,cat-2,1
RA00171_220721,CAM035A4,cat-2,1
RA00171_220721,CAM035A5,cat-2,1
RA00171_220721,CAM035A6,cat-2,1
RA00171_220721,CAM037A1,cat-2,1
RA00171_220721,CAM037A2,cat-2,1
RA00171_220721,CAM037A3,cat-2,1
RA00171_220721,CAM037A4,cat-2,1
RA00171_220721,CAM037A5,cat-2,1
RA00171_220721,CAM037A6,cat-2,1
RA00171_220721,CAM302A1,cat-2,1
RA00171_220721,CAM302A2,cat-2,1
RA00171_220721,CAM302A3,cat-2,1
RA00171_220721,CAM302A4,cat-2,1
RA00171_220721,CAM302A5,cat-2,1
RA00171_220721,CAM302A6,cat-2,1
RA00171_220721,CAM307A1,cat-2,1
RA00171_220721,CAM307A2,cat-2,1
RA00171_220721,CAM307A3,cat-2,1
RA00171_220721,CAM307A4,cat-2,1
RA00171_220721,CAM307A5,cat-2,1
RA00171_220721,CAM307A6,cat-2,1
RA00171_220721,CAM516A1,cat-2,1
RA00171_220721,CAM516A2,cat-2,1
RA00171_220721,CAM516A3,cat-2,1
RA00171_220721,CAM516A4,cat-2,1
RA00171_220721,CAM516A5,cat-2,1
RA00171_220721,CAM516A6,cat-2,1
